{
    "metrics": {
        "http_req_connecting": {
            "p(95)": 8.959224999999993,
            "avg": 5.455453000000005,
            "min": 1.9995,
            "med": 5.03625,
            "max": 19.8052,
            "p(90)": 7.816460000000001
        },
        "data_received": {
            "count": 491342,
            "rate": 370360.934233802
        },
        "vus_max": {
            "max": 100,
            "value": 100,
            "min": 100
        },
        "slow_requests": {
            "rate": 0,
            "count": 0,
            "thresholds": {
                "count<=30": false
            }
        },
        "checks": {
            "passes": 100,
            "fails": 1200,
            "value": 0.07692307692307693
        },
        "http_req_duration": {
            "avg": 138.984789,
            "min": 17.2688,
            "med": 92.3746,
            "max": 282.7298,
            "p(90)": 261.21391,
            "p(95)": 268.04988499999996
        },
        "http_req_sending": {
            "avg": 0.17731100000000002,
            "min": 0,
            "med": 0,
            "max": 1.0601,
            "p(90)": 0.5768200000000023,
            "p(95)": 1.0002
        },
        "http_req_blocked": {
            "avg": 40.01420499999999,
            "min": 12.7925,
            "med": 30.36815,
            "max": 111.3548,
            "p(90)": 77.80602,
            "p(95)": 84.997035
        },
        "iteration_duration": {
            "avg": 1182.1607479999998,
            "min": 1049.1907,
            "med": 1142.07655,
            "max": 1320.6367,
            "p(90)": 1299.82026,
            "p(95)": 1306.552555
        },
        "iterations": {
            "count": 100,
            "rate": 75.37742229115403
        },
        "http_req_tls_handshaking": {
            "p(95)": 80.30249500000001,
            "avg": 32.44892899999998,
            "min": 7.0186,
            "med": 21.17265,
            "max": 86.0039,
            "p(90)": 69.94463000000005
        },
        "http_req_receiving": {
            "p(95)": 0.9666449999999999,
            "avg": 0.18247799999999997,
            "min": 0,
            "med": 0,
            "max": 7.1325,
            "p(90)": 0.5512500000000006
        },
        "http_req_duration{expected_response:true}": {
            "avg": 138.984789,
            "min": 17.2688,
            "med": 92.3746,
            "max": 282.7298,
            "p(90)": 261.21391,
            "p(95)": 268.04988499999996
        },
        "http_req_failed": {
            "passes": 0,
            "fails": 100,
            "value": 0
        },
        "data_sent": {
            "count": 92800,
            "rate": 69950.24788619095
        },
        "http_req_waiting": {
            "p(90)": 260.11132,
            "p(95)": 268.04988499999996,
            "avg": 138.62499999999997,
            "min": 17.2688,
            "med": 92.06545,
            "max": 282.2247
        },
        "http_reqs": {
            "count": 100,
            "rate": 75.37742229115403
        },
        "vus": {
            "max": 100,
            "value": 100,
            "min": 100
        }
    },
    "root_group": {
        "id": "d41d8cd98f00b204e9800998ecf8427e",
        "groups": {},
        "checks": {
                "200 OK": {
                    "fails": 0,
                    "name": "200 OK",
                    "path": "::200 OK",
                    "id": "e9654c443eff553da9e69eda7007924e",
                    "passes": 100
                },
                "201 Created": {
                    "name": "201 Created",
                    "path": "::201 Created",
                    "id": "728dcd977aae263ca314731145e1d447",
                    "passes": 0,
                    "fails": 100
                },
                "204 No Content": {
                    "passes": 0,
                    "fails": 100,
                    "name": "204 No Content",
                    "path": "::204 No Content",
                    "id": "54fa3c2eda34e1622fda2da5e0479fc5"
                },
                "400 Bad Request": {
                    "fails": 100,
                    "name": "400 Bad Request",
                    "path": "::400 Bad Request",
                    "id": "eeae81934b9b58bccaf0184a6d070338",
                    "passes": 0
                },
                "401 Unauthorized": {
                    "name": "401 Unauthorized",
                    "path": "::401 Unauthorized",
                    "id": "6ae9254e6aefe7f0bafe5102fa7e20a5",
                    "passes": 0,
                    "fails": 100
                },
                "403 Forbidden": {
                    "passes": 0,
                    "fails": 100,
                    "name": "403 Forbidden",
                    "path": "::403 Forbidden",
                    "id": "655548b761742c5a7ad15aa7df3a5d9c"
                },
                "404 Not Found": {
                    "fails": 100,
                    "name": "404 Not Found",
                    "path": "::404 Not Found",
                    "id": "df1528f9925ca236bac51008f77b774a",
                    "passes": 0
                },
                "422 Unprocessable Content": {
                    "name": "422 Unprocessable Content",
                    "path": "::422 Unprocessable Content",
                    "id": "d94c37ab64a32602add978a71bd22822",
                    "passes": 0,
                    "fails": 100
                },
                "429 Too Many Requests": {
                    "name": "429 Too Many Requests",
                    "path": "::429 Too Many Requests",
                    "id": "b810c35b9499cc7342fd415032e3a6aa",
                    "passes": 0,
                    "fails": 100
                },
                "500 Internal Server Error": {
                    "passes": 0,
                    "fails": 100,
                    "name": "500 Internal Server Error",
                    "path": "::500 Internal Server Error",
                    "id": "3cd96245b24e869810efe46d533b0eef"
                },
                "502 Bad Gateway": {
                    "fails": 100,
                    "name": "502 Bad Gateway",
                    "path": "::502 Bad Gateway",
                    "id": "712cb0ec189a11f31f0d6d0c0031b569",
                    "passes": 0
                },
                "503 Service Unavailable": {
                    "name": "503 Service Unavailable",
                    "path": "::503 Service Unavailable",
                    "id": "f1ea1a22be0dc738c385523a66ea1cd9",
                    "passes": 0,
                    "fails": 100
                },
                "504 Gateway Timeout": {
                    "id": "218efb729cb654723ccd57c6ebbebe29",
                    "passes": 0,
                    "fails": 100,
                    "name": "504 Gateway Timeout",
                    "path": "::504 Gateway Timeout"
                }
            },
        "name": "",
        "path": ""
    }
}