{
    "metrics": {
        "data_received": {
            "count": 608399,
            "rate": 173055.1494729333
        },
        "http_req_connecting": {
            "min": 0.8542,
            "med": 3.3357,
            "max": 5.2592,
            "p(90)": 3.62794,
            "p(95)": 3.8305999999999996,
            "avg": 3.3357737704918033
        },
        "http_req_tls_handshaking": {
            "avg": 6.873718852459018,
            "min": 5.2992,
            "med": 6.6295,
            "max": 17.6573,
            "p(90)": 7.717190000000001,
            "p(95)": 8.40842
        },
        "http_reqs": {
            "count": 122,
            "rate": 34.70210870776885
        },
        "http_req_sending": {
            "p(95)": 0.564475,
            "avg": 0.44866721311475416,
            "min": 0,
            "med": 0.5373,
            "max": 1.0263,
            "p(90)": 0.56079
        },
        "http_req_failed": {
            "passes": 0,
            "fails": 122,
            "value": 0
        },
        "http_req_duration{expected_response:true}": {
            "p(90)": 105.65301000000014,
            "p(95)": 200.99797499999997,
            "avg": 43.046750819672134,
            "min": 8.2273,
            "med": 24.509900000000002,
            "max": 224.9712
        },
        "http_req_duration": {
            "max": 224.9712,
            "p(90)": 105.65301000000014,
            "p(95)": 200.99797499999997,
            "avg": 43.046750819672134,
            "min": 8.2273,
            "med": 24.509900000000002
        },
        "checks": {
            "fails": 1464,
            "passes": 122,
            "value": 0.07692307692307693
        },
        "vus": {
            "value": 37,
            "min": 0,
            "max": 37
        },
        "slow_requests": {
            "count": 0,
            "rate": 0,
            "thresholds": {
                "count<=30": false
            }
        },
        "http_req_receiving": {
            "avg": 0.05239590163934426,
            "min": 0,
            "med": 0,
            "max": 1.0599,
            "p(90)": 0.05087000000000007,
            "p(95)": 0.5307299999999998
        },
        "iterations": {
            "count": 87,
            "rate": 24.746585717835163
        },
        "http_req_blocked": {
            "avg": 10.350450000000002,
            "min": 8.8464,
            "med": 10.065999999999999,
            "max": 20.8308,
            "p(90)": 11.45172,
            "p(95)": 11.884709999999998
        },
        "http_req_waiting": {
            "avg": 42.545687704918045,
            "min": 8.2273,
            "med": 24.1619,
            "max": 224.4208,
            "p(90)": 105.10803000000014,
            "p(95)": 199.95173499999999
        },
        "iteration_duration": {
            "med": 1035.0867,
            "max": 1239.454,
            "p(90)": 1146.5225400000002,
            "p(95)": 1212.16173,
            "avg": 1057.2199908045973,
            "min": 1024.3167
        },
        "vus_max": {
            "max": 2100,
            "value": 2100,
            "min": 1752
        },
        "data_sent": {
            "count": 114196,
            "rate": 32482.31152452764
        }
    },
    "root_group": {
        "path": "",
        "id": "d41d8cd98f00b204e9800998ecf8427e",
        "groups": {},
        "checks": {
                "200 OK": {
                    "passes": 122,
                    "fails": 0,
                    "name": "200 OK",
                    "path": "::200 OK",
                    "id": "e9654c443eff553da9e69eda7007924e"
                },
                "201 Created": {
                    "path": "::201 Created",
                    "id": "728dcd977aae263ca314731145e1d447",
                    "passes": 0,
                    "fails": 122,
                    "name": "201 Created"
                },
                "204 No Content": {
                    "fails": 122,
                    "name": "204 No Content",
                    "path": "::204 No Content",
                    "id": "54fa3c2eda34e1622fda2da5e0479fc5",
                    "passes": 0
                },
                "400 Bad Request": {
                    "name": "400 Bad Request",
                    "path": "::400 Bad Request",
                    "id": "eeae81934b9b58bccaf0184a6d070338",
                    "passes": 0,
                    "fails": 122
                },
                "401 Unauthorized": {
                    "name": "401 Unauthorized",
                    "path": "::401 Unauthorized",
                    "id": "6ae9254e6aefe7f0bafe5102fa7e20a5",
                    "passes": 0,
                    "fails": 122
                },
                "403 Forbidden": {
                    "name": "403 Forbidden",
                    "path": "::403 Forbidden",
                    "id": "655548b761742c5a7ad15aa7df3a5d9c",
                    "passes": 0,
                    "fails": 122
                },
                "404 Not Found": {
                    "name": "404 Not Found",
                    "path": "::404 Not Found",
                    "id": "df1528f9925ca236bac51008f77b774a",
                    "passes": 0,
                    "fails": 122
                },
                "422 Unprocessable Content": {
                    "id": "d94c37ab64a32602add978a71bd22822",
                    "passes": 0,
                    "fails": 122,
                    "name": "422 Unprocessable Content",
                    "path": "::422 Unprocessable Content"
                },
                "429 Too Many Requests": {
                    "name": "429 Too Many Requests",
                    "path": "::429 Too Many Requests",
                    "id": "b810c35b9499cc7342fd415032e3a6aa",
                    "passes": 0,
                    "fails": 122
                },
                "500 Internal Server Error": {
                    "path": "::500 Internal Server Error",
                    "id": "3cd96245b24e869810efe46d533b0eef",
                    "passes": 0,
                    "fails": 122,
                    "name": "500 Internal Server Error"
                },
                "502 Bad Gateway": {
                    "name": "502 Bad Gateway",
                    "path": "::502 Bad Gateway",
                    "id": "712cb0ec189a11f31f0d6d0c0031b569",
                    "passes": 0,
                    "fails": 122
                },
                "503 Service Unavailable": {
                    "path": "::503 Service Unavailable",
                    "id": "f1ea1a22be0dc738c385523a66ea1cd9",
                    "passes": 0,
                    "fails": 122,
                    "name": "503 Service Unavailable"
                },
                "504 Gateway Timeout": {
                    "name": "504 Gateway Timeout",
                    "path": "::504 Gateway Timeout",
                    "id": "218efb729cb654723ccd57c6ebbebe29",
                    "passes": 0,
                    "fails": 122
                }
            },
        "name": ""
    }
}