{
    "metrics": {
        "data_received": {
            "count": 6468744,
            "rate": 10722.616057159117
        },
        "iterations": {
            "count": 109,
            "rate": 0.1806788381531784
        },
        "vus": {
            "value": 1,
            "min": 1,
            "max": 1
        },
        "http_req_waiting": {
            "med": 2369.2195,
            "max": 28113.3229,
            "p(90)": 3967.5733800000003,
            "p(95)": 4312.164379999999,
            "avg": 2242.5480359447006,
            "min": 500.7075
        },
        "checks": {
            "passes": 109,
            "fails": 1308,
            "value": 0.07692307692307693
        },
        "data_sent": {
            "count": 76157,
            "rate": 126.23814933240007
        },
        "http_req_duration": {
            "min": 532.2299,
            "med": 2372.503,
            "max": 28113.3229,
            "p(90)": 3967.5733800000003,
            "p(95)": 4312.829759999999,
            "avg": 2258.338407373272
        },
        "iteration_duration": {
            "avg": 5534.577865137616,
            "min": 2519.941,
            "med": 4940.6727,
            "max": 30168.2414,
            "p(90)": 6133.56182,
            "p(95)": 7748.361379999997
        },
        "vus_max": {
            "max": 1,
            "value": 1,
            "min": 1
        },
        "http_req_receiving": {
            "p(90)": 43.35058,
            "p(95)": 47.391719999999985,
            "avg": 15.750470967741936,
            "min": 0,
            "med": 3.5205,
            "max": 84.5677
        },
        "http_req_failed": {
            "passes": 1,
            "fails": 216,
            "value": 0.004608294930875576
        },
        "http_reqs": {
            "count": 217,
            "rate": 0.3597000722866029
        },
        "http_req_duration{expected_response:true}": {
            "avg": 2261.763546759259,
            "min": 532.2299,
            "med": 2402.61765,
            "max": 28113.3229,
            "p(90)": 3969.5687,
            "p(95)": 4317.976774999999
        },
        "http_req_tls_handshaking": {
            "avg": 0.3362903225806451,
            "min": 0,
            "med": 0,
            "max": 37.4381,
            "p(90)": 0,
            "p(95)": 0
        },
        "dropped_iterations": {
            "count": 191,
            "rate": 0.31660236777300066
        },
        "http_req_sending": {
            "max": 0.9893,
            "p(90)": 0.20000000000000004,
            "p(95)": 0.22194,
            "avg": 0.039900460829493084,
            "min": 0,
            "med": 0
        },
        "http_req_blocked": {
            "med": 0,
            "max": 42.594,
            "p(90)": 0,
            "p(95)": 0,
            "avg": 0.3861732718894009,
            "min": 0
        },
        "http_req_connecting": {
            "max": 4.613,
            "p(90)": 0,
            "p(95)": 0,
            "avg": 0.04242903225806452,
            "min": 0,
            "med": 0
        }
    },
    "root_group": {
        "name": "",
        "path": "",
        "id": "d41d8cd98f00b204e9800998ecf8427e",
        "groups": {},
        "checks": {
                "200 OK": {
                    "id": "e9654c443eff553da9e69eda7007924e",
                    "passes": 108,
                    "fails": 1,
                    "name": "200 OK",
                    "path": "::200 OK"
                },
                "201 Created": {
                    "fails": 109,
                    "name": "201 Created",
                    "path": "::201 Created",
                    "id": "728dcd977aae263ca314731145e1d447",
                    "passes": 0
                },
                "204 No Content": {
                    "path": "::204 No Content",
                    "id": "54fa3c2eda34e1622fda2da5e0479fc5",
                    "passes": 0,
                    "fails": 109,
                    "name": "204 No Content"
                },
                "400 Bad Request": {
                    "fails": 109,
                    "name": "400 Bad Request",
                    "path": "::400 Bad Request",
                    "id": "eeae81934b9b58bccaf0184a6d070338",
                    "passes": 0
                },
                "401 Unauthorized": {
                    "id": "6ae9254e6aefe7f0bafe5102fa7e20a5",
                    "passes": 0,
                    "fails": 109,
                    "name": "401 Unauthorized",
                    "path": "::401 Unauthorized"
                },
                "403 Forbidden": {
                    "path": "::403 Forbidden",
                    "id": "655548b761742c5a7ad15aa7df3a5d9c",
                    "passes": 0,
                    "fails": 109,
                    "name": "403 Forbidden"
                },
                "404 Not Found": {
                    "path": "::404 Not Found",
                    "id": "df1528f9925ca236bac51008f77b774a",
                    "passes": 0,
                    "fails": 109,
                    "name": "404 Not Found"
                },
                "422 Unprocessable Content": {
                    "name": "422 Unprocessable Content",
                    "path": "::422 Unprocessable Content",
                    "id": "d94c37ab64a32602add978a71bd22822",
                    "passes": 0,
                    "fails": 109
                },
                "429 Too Many Requests": {
                    "name": "429 Too Many Requests",
                    "path": "::429 Too Many Requests",
                    "id": "b810c35b9499cc7342fd415032e3a6aa",
                    "passes": 0,
                    "fails": 109
                },
                "500 Internal Server Error": {
                    "name": "500 Internal Server Error",
                    "path": "::500 Internal Server Error",
                    "id": "3cd96245b24e869810efe46d533b0eef",
                    "passes": 1,
                    "fails": 108
                },
                "502 Bad Gateway": {
                    "passes": 0,
                    "fails": 109,
                    "name": "502 Bad Gateway",
                    "path": "::502 Bad Gateway",
                    "id": "712cb0ec189a11f31f0d6d0c0031b569"
                },
                "503 Service Unavailable": {
                    "name": "503 Service Unavailable",
                    "path": "::503 Service Unavailable",
                    "id": "f1ea1a22be0dc738c385523a66ea1cd9",
                    "passes": 0,
                    "fails": 109
                },
                "504 Gateway Timeout": {
                    "name": "504 Gateway Timeout",
                    "path": "::504 Gateway Timeout",
                    "id": "218efb729cb654723ccd57c6ebbebe29",
                    "passes": 0,
                    "fails": 109
                }
            }
    }
}