{
    "metrics": {
        "http_req_duration": {
            "p(90)": 2968.83076,
            "p(95)": 3096.0793799999997,
            "avg": 1950.8418,
            "min": 678.3556,
            "med": 1950.8418000000001,
            "max": 3223.328
        },
        "iteration_duration": {
            "avg": 5014.7369,
            "min": 5014.7369,
            "med": 5014.7369,
            "max": 5014.7369,
            "p(90)": 5014.7369,
            "p(95)": 5014.7369
        },
        "http_req_waiting": {
            "min": 667.5169,
            "med": 1945.42245,
            "max": 3223.328,
            "p(90)": 2967.74689,
            "p(95)": 3095.537445,
            "avg": 1945.42245
        },
        "http_req_failed": {
            "passes": 0,
            "fails": 2,
            "value": 0
        },
        "data_received": {
            "count": 64635,
            "rate": 12888.810197608283
        },
        "checks": {
            "passes": 1,
            "fails": 11,
            "value": 0.08333333333333333
        },
        "http_reqs": {
            "count": 2,
            "rate": 0.39881829342023
        },
        "http_req_connecting": {
            "p(90)": 3.6973500000000006,
            "p(95)": 3.8741250000000003,
            "avg": 2.28315,
            "min": 0.5154,
            "med": 2.28315,
            "max": 4.0509
        },
        "http_req_tls_handshaking": {
            "p(95)": 40.917035,
            "avg": 36.86555,
            "min": 32.3639,
            "med": 36.86555,
            "max": 41.3672,
            "p(90)": 40.46687
        },
        "http_req_sending": {
            "avg": 0,
            "min": 0,
            "med": 0,
            "max": 0,
            "p(90)": 0,
            "p(95)": 0
        },
        "http_req_duration{expected_response:true}": {
            "p(95)": 3096.0793799999997,
            "avg": 1950.8418,
            "min": 678.3556,
            "med": 1950.8418000000001,
            "max": 3223.328,
            "p(90)": 2968.83076
        },
        "vus": {
            "max": 1,
            "value": 1,
            "min": 1
        },
        "http_req_receiving": {
            "p(95)": 10.296764999999999,
            "avg": 5.41935,
            "min": 0,
            "med": 5.41935,
            "max": 10.8387,
            "p(90)": 9.75483
        },
        "iterations": {
            "count": 1,
            "rate": 0.199409146710115
        },
        "http_req_blocked": {
            "p(90)": 45.046040000000005,
            "p(95)": 45.51052,
            "avg": 41.330200000000005,
            "min": 36.6854,
            "med": 41.330200000000005,
            "max": 45.975
        },
        "data_sent": {
            "count": 1827,
            "rate": 364.3205110393801
        },
        "vus_max": {
            "value": 1,
            "min": 1,
            "max": 1
        }
    },
    "root_group": {
        "groups": {},
        "checks": {
                "200 OK": {
                    "id": "e9654c443eff553da9e69eda7007924e",
                    "passes": 1,
                    "fails": 0,
                    "name": "200 OK",
                    "path": "::200 OK"
                },
                "201 Created": {
                    "fails": 1,
                    "name": "201 Created",
                    "path": "::201 Created",
                    "id": "728dcd977aae263ca314731145e1d447",
                    "passes": 0
                },
                "204 No Content": {
                    "name": "204 No Content",
                    "path": "::204 No Content",
                    "id": "54fa3c2eda34e1622fda2da5e0479fc5",
                    "passes": 0,
                    "fails": 1
                },
                "400 Bad Request": {
                    "path": "::400 Bad Request",
                    "id": "eeae81934b9b58bccaf0184a6d070338",
                    "passes": 0,
                    "fails": 1,
                    "name": "400 Bad Request"
                },
                "401 Unauthorized": {
                    "name": "401 Unauthorized",
                    "path": "::401 Unauthorized",
                    "id": "6ae9254e6aefe7f0bafe5102fa7e20a5",
                    "passes": 0,
                    "fails": 1
                },
                "403 Forbidden": {
                    "fails": 1,
                    "name": "403 Forbidden",
                    "path": "::403 Forbidden",
                    "id": "655548b761742c5a7ad15aa7df3a5d9c",
                    "passes": 0
                },
                "404 Not Found": {
                    "fails": 1,
                    "name": "404 Not Found",
                    "path": "::404 Not Found",
                    "id": "df1528f9925ca236bac51008f77b774a",
                    "passes": 0
                },
                "429 Too Many Requests": {
                    "id": "b810c35b9499cc7342fd415032e3a6aa",
                    "passes": 0,
                    "fails": 1,
                    "name": "429 Too Many Requests",
                    "path": "::429 Too Many Requests"
                },
                "500 Internal Server Error": {
                    "id": "3cd96245b24e869810efe46d533b0eef",
                    "passes": 0,
                    "fails": 1,
                    "name": "500 Internal Server Error",
                    "path": "::500 Internal Server Error"
                },
                "502 Bad Gateway": {
                    "passes": 0,
                    "fails": 1,
                    "name": "502 Bad Gateway",
                    "path": "::502 Bad Gateway",
                    "id": "712cb0ec189a11f31f0d6d0c0031b569"
                },
                "503 Service Unavailable": {
                    "name": "503 Service Unavailable",
                    "path": "::503 Service Unavailable",
                    "id": "f1ea1a22be0dc738c385523a66ea1cd9",
                    "passes": 0,
                    "fails": 1
                },
                "504 Gateway Timeout": {
                    "name": "504 Gateway Timeout",
                    "path": "::504 Gateway Timeout",
                    "id": "218efb729cb654723ccd57c6ebbebe29",
                    "passes": 0,
                    "fails": 1
                }
            },
        "name": "",
        "path": "",
        "id": "d41d8cd98f00b204e9800998ecf8427e"
    }
}