{
    "metrics": {
        "http_req_waiting": {
            "p(90)": 4.8166400000000005,
            "p(95)": 5.915750000000001,
            "avg": 4.172564333333333,
            "min": 1.3449,
            "med": 4.041399999999999,
            "max": 7.8786
        },
        "http_req_connecting": {
            "min": 0,
            "med": 0,
            "max": 3.0816,
            "p(90)": 0,
            "p(95)": 0,
            "avg": 0.010272
        },
        "vus_max": {
            "min": 1,
            "max": 1,
            "value": 1
        },
        "http_req_receiving": {
            "p(90)": 0.8013000000000012,
            "p(95)": 1.1224100000000015,
            "avg": 0.18431300000000006,
            "min": 0,
            "med": 0,
            "max": 4.6328
        },
        "http_req_tls_handshaking": {
            "p(95)": 0,
            "avg": 0.022166666666666668,
            "min": 0,
            "med": 0,
            "max": 6.65,
            "p(90)": 0
        },
        "http_req_sending": {
            "med": 23.0062,
            "max": 211.9566,
            "p(90)": 27.830560000000002,
            "p(95)": 31.827715000000005,
            "avg": 24.65918933333333,
            "min": 16.6222
        },
        "data_received": {
            "count": 273416,
            "rate": 505.9869068274441
        },
        "checks": {
            "passes": 300,
            "fails": 3600,
            "value": 0.07692307692307693
        },
        "http_reqs": {
            "count": 300,
            "rate": 0.555183573924837
        },
        "vus": {
            "min": 1,
            "max": 1,
            "value": 1
        },
        "http_req_blocked": {
            "min": 0,
            "med": 0,
            "max": 42.2881,
            "p(90)": 0,
            "p(95)": 0,
            "avg": 0.14096033333333333
        },
        "iteration_duration": {
            "min": 1764.4059,
            "med": 1798.05105,
            "max": 2039.6775,
            "p(90)": 1822.8350400000002,
            "p(95)": 1833.40629,
            "avg": 1801.110352
        },
        "data_sent": {
            "count": 133406891,
            "rate": 246884.38177193725
        },
        "http_req_failed": {
            "passes": 300,
            "fails": 0,
            "value": 1
        },
        "iterations": {
            "count": 300,
            "rate": 0.555183573924837
        },
        "http_req_duration": {
            "avg": 29.01606666666667,
            "min": 21.6654,
            "med": 27.3831,
            "max": 216.4434,
            "p(90)": 32.02172,
            "p(95)": 36.77937000000001
        }
    },
    "root_group": {
        "name": "",
        "path": "",
        "id": "d41d8cd98f00b204e9800998ecf8427e",
        "groups": {},
        "checks": {
                "200 OK": {
                    "passes": 0,
                    "fails": 300,
                    "name": "200 OK",
                    "path": "::200 OK",
                    "id": "e9654c443eff553da9e69eda7007924e"
                },
                "201 Created": {
                    "name": "201 Created",
                    "path": "::201 Created",
                    "id": "728dcd977aae263ca314731145e1d447",
                    "passes": 0,
                    "fails": 300
                },
                "204 No Content": {
                    "name": "204 No Content",
                    "path": "::204 No Content",
                    "id": "54fa3c2eda34e1622fda2da5e0479fc5",
                    "passes": 0,
                    "fails": 300
                },
                "400 Bad Request": {
                    "name": "400 Bad Request",
                    "path": "::400 Bad Request",
                    "id": "eeae81934b9b58bccaf0184a6d070338",
                    "passes": 0,
                    "fails": 300
                },
                "401 Unauthorized": {
                    "id": "6ae9254e6aefe7f0bafe5102fa7e20a5",
                    "passes": 300,
                    "fails": 0,
                    "name": "401 Unauthorized",
                    "path": "::401 Unauthorized"
                },
                "403 Forbidden": {
                    "name": "403 Forbidden",
                    "path": "::403 Forbidden",
                    "id": "655548b761742c5a7ad15aa7df3a5d9c",
                    "passes": 0,
                    "fails": 300
                },
                "404 Not Found": {
                    "name": "404 Not Found",
                    "path": "::404 Not Found",
                    "id": "df1528f9925ca236bac51008f77b774a",
                    "passes": 0,
                    "fails": 300
                },
                "422 Unprocessable Content": {
                    "id": "d94c37ab64a32602add978a71bd22822",
                    "passes": 0,
                    "fails": 300,
                    "name": "422 Unprocessable Content",
                    "path": "::422 Unprocessable Content"
                },
                "429 Too Many Requests": {
                    "passes": 0,
                    "fails": 300,
                    "name": "429 Too Many Requests",
                    "path": "::429 Too Many Requests",
                    "id": "b810c35b9499cc7342fd415032e3a6aa"
                },
                "500 Internal Server Error": {
                    "name": "500 Internal Server Error",
                    "path": "::500 Internal Server Error",
                    "id": "3cd96245b24e869810efe46d533b0eef",
                    "passes": 0,
                    "fails": 300
                },
                "502 Bad Gateway": {
                    "id": "712cb0ec189a11f31f0d6d0c0031b569",
                    "passes": 0,
                    "fails": 300,
                    "name": "502 Bad Gateway",
                    "path": "::502 Bad Gateway"
                },
                "503 Service Unavailable": {
                    "name": "503 Service Unavailable",
                    "path": "::503 Service Unavailable",
                    "id": "f1ea1a22be0dc738c385523a66ea1cd9",
                    "passes": 0,
                    "fails": 300
                },
                "504 Gateway Timeout": {
                    "name": "504 Gateway Timeout",
                    "path": "::504 Gateway Timeout",
                    "id": "218efb729cb654723ccd57c6ebbebe29",
                    "passes": 0,
                    "fails": 300
                }
            }
    }
}